"V1","V2"
"Agnes Weber","Alexander Tschäppät"
"Alexander Tschäppät","Andrea Hämmerle"
"Agnes Weber","Andreas Gross"
"Alexander Tschäppät","Andreas Gross"
"Andrea Hämmerle","Andreas Gross"
"Alexander Tschäppät","Andreas Herczog"
"Andrea Hämmerle","Andreas Herczog"
"Andreas Gross","Andreas Herczog"
"Alexander Tschäppät","Angeline Fankhauser"
"Andreas Gross","Angeline Fankhauser"
"Agnes Weber","Anita Thanei"
"Alexander Tschäppät","Anita Thanei"
"Andrea Hämmerle","Anita Thanei"
"Andreas Gross","Anita Thanei"
"Andreas Herczog","Anita Thanei"
"Angeline Fankhauser","Anita Thanei"
"Agnes Weber","Armin Jans"
"Alexander Tschäppät","Armin Jans"
"Andrea Hämmerle","Armin Jans"
"Andreas Gross","Armin Jans"
"Andreas Herczog","Armin Jans"
"Angeline Fankhauser","Armin Jans"
"Anita Thanei","Armin Jans"
"Andreas Gross","Barbara Geiser"
"Agnes Weber","Barbara Haering"
"Alexander Tschäppät","Barbara Haering"
"Andrea Hämmerle","Barbara Haering"
"Andreas Gross","Barbara Haering"
"Andreas Herczog","Barbara Haering"
"Angeline Fankhauser","Barbara Haering"
"Anita Thanei","Barbara Haering"
"Armin Jans","Barbara Haering"
"Alexander Tschäppät","Boris Banga"
"Andrea Hämmerle","Boris Banga"
"Andreas Gross","Boris Banga"
"Anita Thanei","Boris Banga"
"Armin Jans","Boris Banga"
"Albrecht Rychen","Brigitta M. Gadient"
"Anita Thanei","Cécile Bühlmann"
"Andreas Gross","Christian Grobet"
"Angeline Fankhauser","Christian Grobet"
"Alexander Tschäppät","Christiane Jaquet-Berger"
"Armin Jans","Christiane Jaquet-Berger"
"Christian Grobet","Christiane Jaquet-Berger"
"Albrecht Rychen","Christine Egerszegi-Obrist"
"Alexander Tschäppät","Christine Goll"
"Angeline Fankhauser","Christine Goll"
"Anita Thanei","Christine Goll"
"Armin Jans","Christine Goll"
"Barbara Haering","Christine Goll"
"Alexander Tschäppät","Christine Keller"
"Andrea Hämmerle","Christine Keller"
"Andreas Gross","Christine Keller"
"Andreas Herczog","Christine Keller"
"Angeline Fankhauser","Christine Keller"
"Anita Thanei","Christine Keller"
"Barbara Haering","Christine Keller"
"Boris Banga","Christine Keller"
"Christian Grobet","Christine Keller"
"Albrecht Rychen","Christoph Eymann"
"Andreas Gross","Christoph Eymann"
"Adriano Cavadini","Claude Frey"
"Albrecht Rychen","Claude Frey"
"Angeline Fankhauser","Claude Frey"
"Bernard Comby","Claude Frey"
"Boris Banga","Claude Frey"
"Charles Friderici","Claude Frey"
"Charles-Albert Antille","Claude Frey"
"Christian Waber","Claude Frey"
"Christiane Langenberger","Claude Frey"
"Christoph Eymann","Claude Frey"
"Claude Frey","Daniel Vogel"
"Agnes Weber","Didier Berberat"
"Alexander Tschäppät","Didier Berberat"
"Andrea Hämmerle","Didier Berberat"
"Andreas Gross","Didier Berberat"
"Andreas Herczog","Didier Berberat"
"Angeline Fankhauser","Didier Berberat"
"Anita Thanei","Didier Berberat"
"Armin Jans","Didier Berberat"
"Barbara Haering","Didier Berberat"
"Boris Banga","Didier Berberat"
"Christian Grobet","Didier Berberat"
"Christiane Jaquet-Berger","Didier Berberat"
"Christine Goll","Didier Berberat"
"Christine Keller","Didier Berberat"
"Claude Frey","Didier Berberat"
"Daniel Vogel","Didier Berberat"
"Andreas Gross","Doris Stump"
"Anita Thanei","Doris Stump"
"Armin Jans","Doris Stump"
"Barbara Haering","Doris Stump"
"Christian Grobet","Doris Stump"
"Christine Keller","Doris Stump"
"Didier Berberat","Doris Stump"
"Anita Thanei","Elmar Ledergerber"
"Armin Jans","Elmar Ledergerber"
"Albrecht Rychen","Emmanuella Blaser"
"Claude Frey","Emmanuella Blaser"
"Christine Egerszegi-Obrist","Erich Müller"
"Albrecht Rychen","Ernst Hasler"
"Christian Speck","Ernst Hasler"
"Christoph Blocher","Ernst Hasler"
"Alexander Tschäppät","Ernst Leuenberger"
"Andrea Hämmerle","Ernst Leuenberger"
"Angeline Fankhauser","Ernst Leuenberger"
"Anita Thanei","Ernst Leuenberger"
"Armin Jans","Ernst Leuenberger"
"Didier Berberat","Ernst Leuenberger"
"Claude Frey","Ernst Mühlemann"
"Andrea Hämmerle","Erwin Jutzet"
"Andreas Gross","Erwin Jutzet"
"Angeline Fankhauser","Erwin Jutzet"
"Anita Thanei","Erwin Jutzet"
"Armin Jans","Erwin Jutzet"
"Christine Keller","Erwin Jutzet"
"Claude Frey","Erwin Jutzet"
"Didier Berberat","Erwin Jutzet"
"Albrecht Rychen","Eugen David"
"Didier Berberat","Eugen David"
"Adriano Cavadini","Flavio Maspoli"
"Alex Heim","Flavio Maspoli"
"Andreas Gross","Flavio Maspoli"
"Bernard Comby","Flavio Maspoli"
"Cécile Bühlmann","Flavio Maspoli"
"Charles Friderici","Flavio Maspoli"
"Christiane Jaquet-Berger","Flavio Maspoli"
"Christine Egerszegi-Obrist","Flavio Maspoli"
"Christoph Blocher","Flavio Maspoli"
"Claude Frey","Flavio Maspoli"
"Daniel Vogel","Flavio Maspoli"
"Dorle Vallender","Flavio Maspoli"
"Edi Engelberger","Flavio Maspoli"
"Emmanuella Blaser","Flavio Maspoli"
"Erwin Jutzet","Flavio Maspoli"
"Andreas Gross","Francine Jeanprêtre"
"Anita Thanei","Francine Jeanprêtre"
"Armin Jans","Francine Jeanprêtre"
"Christian Grobet","Francine Jeanprêtre"
"Christiane Jaquet-Berger","Francine Jeanprêtre"
"Claude Frey","Francine Jeanprêtre"
"Didier Berberat","Francine Jeanprêtre"
"Alexander Tschäppät","Franco Cavalli"
"Anita Thanei","Franco Cavalli"
"Armin Jans","Franco Cavalli"
"Barbara Haering","Franco Cavalli"
"Boris Banga","Franco Cavalli"
"Christian Grobet","Franco Cavalli"
"Christiane Langenberger","Franco Cavalli"
"Christine Goll","Franco Cavalli"
"Christoph Eymann","Franco Cavalli"
"Daniel Vogel","Franco Cavalli"
"Didier Berberat","Franco Cavalli"
"Dumeni Columberg","Franco Cavalli"
"Elmar Ledergerber","Franco Cavalli"
"Claude Frey","Franco Donati"
"Alexander Tschäppät","François Borel"
"Andreas Gross","François Borel"
"Angeline Fankhauser","François Borel"
"Anita Thanei","François Borel"
"Armin Jans","François Borel"
"Barbara Haering","François Borel"
"Boris Banga","François Borel"
"Christian Grobet","François Borel"
"Christiane Jaquet-Berger","François Borel"
"Christine Keller","François Borel"
"Claude Frey","François Borel"
"Didier Berberat","François Borel"
"Franco Cavalli","François Borel"
"Didier Berberat","François Lachat"
"Franco Cavalli","François Lachat"
"Brigitta M. Gadient","François Loeb"
"Christine Egerszegi-Obrist","François Loeb"
"Christoph Blocher","François Loeb"
"Claude Frey","François Loeb"
"Dorle Vallender","François Loeb"
"Duri Bezzola","François Loeb"
"Erich Müller","François Loeb"
"Eugen David","François Loeb"
"Cécile Bühlmann","Franziska Teuscher"
"Alexander Tschäppät","Fredi Alder"
"Andrea Hämmerle","Fredi Alder"
"Andreas Gross","Fredi Alder"
"Angeline Fankhauser","Fredi Alder"
"Anita Thanei","Fredi Alder"
"Armin Jans","Fredi Alder"
"Barbara Haering","Fredi Alder"
"Christine Keller","Fredi Alder"
"Didier Berberat","Fredi Alder"
"Franco Cavalli","Fredi Alder"
"François Borel","Fredi Alder"
"Ernst Hasler","Fritz Abraham Oehrli"
"Flavio Maspoli","Fulvio Caccia"
"Franco Cavalli","Fulvio Caccia"
"Claude Frey","Fulvio Pelli"
"Flavio Maspoli","Fulvio Pelli"
"Christine Egerszegi-Obrist","Georg Stucky"
"François Loeb","Georg Stucky"
"Christine Egerszegi-Obrist","Georges Theiler"
"François Loeb","Georges Theiler"
"Christine Egerszegi-Obrist","Gerold Bührer"
"François Loeb","Gerold Bührer"
"Albrecht Rychen","Hans Fehr"
"Alex Heim","Hans Fehr"
"Caspar Baader","Hans Fehr"
"Charles Friderici","Hans Fehr"
"Charles-Albert Antille","Hans Fehr"
"Christian Speck","Hans Fehr"
"Christian Waber","Hans Fehr"
"Christine Egerszegi-Obrist","Hans Fehr"
"Christoph Blocher","Hans Fehr"
"Claude Frey","Hans Fehr"
"Daniel Vogel","Hans Fehr"
"Duri Bezzola","Hans Fehr"
"Emmanuella Blaser","Hans Fehr"
"Erich Müller","Hans Fehr"
"Ernst Hasler","Hans Fehr"
"Ernst Mühlemann","Hans Fehr"
"Flavio Maspoli","Hans Fehr"
"François Loeb","Hans Fehr"
"Fritz Abraham Oehrli","Hans Fehr"
"Georg Stucky","Hans Fehr"
"Georges Theiler","Hans Fehr"
"Gerold Bührer","Hans Fehr"
"Gilbert Debons","Hans Fehr"
"Franziska Teuscher","Hans Meier"
"Adalbert Durrer","Hans Rudolf Gysin"
"Albrecht Rychen","Hans Rudolf Gysin"
"Bernard Comby","Hans Rudolf Gysin"
"Caspar Baader","Hans Rudolf Gysin"
"Charles-Albert Antille","Hans Rudolf Gysin"
"Christian Speck","Hans Rudolf Gysin"
"Christine Egerszegi-Obrist","Hans Rudolf Gysin"
"Claude Frey","Hans Rudolf Gysin"
"Daniel Vogel","Hans Rudolf Gysin"
"Dorle Vallender","Hans Rudolf Gysin"
"Duri Bezzola","Hans Rudolf Gysin"
"Edi Engelberger","Hans Rudolf Gysin"
"Ernst Hasler","Hans Rudolf Gysin"
"Ernst Leuenberger","Hans Rudolf Gysin"
"Ernst Mühlemann","Hans Rudolf Gysin"
"Flavio Maspoli","Hans Rudolf Gysin"
"François Loeb","Hans Rudolf Gysin"
"Fritz Abraham Oehrli","Hans Rudolf Gysin"
"Georges Theiler","Hans Rudolf Gysin"
"Gerold Bührer","Hans Rudolf Gysin"
"Hans Fehr","Hans Rudolf Gysin"
"Hans Ruckstuhl","Hans Rudolf Gysin"
"Flavio Maspoli","Hans Steffen"
"Hans Fehr","Hans Steffen"
"Hans Rudolf Gysin","Hans Steffen"
"Adalbert Durrer","Hans Werner Widrig"
"Albrecht Rychen","Hans Werner Widrig"
"Claude Frey","Hans Werner Widrig"
"Dorle Vallender","Hans Werner Widrig"
"Duri Bezzola","Hans Werner Widrig"
"Hans Rudolf Gysin","Hans Werner Widrig"
"Alexander Tschäppät","Hans Widmer"
"Andreas Gross","Hans Widmer"
"Anita Thanei","Hans Widmer"
"Barbara Haering","Hans Widmer"
"Christine Keller","Hans Widmer"
"Claude Frey","Hans Widmer"
"Didier Berberat","Hans Widmer"
"Flavio Maspoli","Hans Widmer"
"Franco Cavalli","Hans Widmer"
"François Borel","Hans Widmer"
"Agnes Weber","Hans Zbinden"
"Alexander Tschäppät","Hans Zbinden"
"Andrea Hämmerle","Hans Zbinden"
"Andreas Gross","Hans Zbinden"
"Andreas Herczog","Hans Zbinden"
"Angeline Fankhauser","Hans Zbinden"
"Anita Thanei","Hans Zbinden"
"Armin Jans","Hans Zbinden"
"Boris Banga","Hans Zbinden"
"Christine Goll","Hans Zbinden"
"Didier Berberat","Hans Zbinden"
"Doris Stump","Hans Zbinden"
"Elmar Ledergerber","Hans Zbinden"
"Ernst Leuenberger","Hans Zbinden"
"Erwin Jutzet","Hans Zbinden"
"Francine Jeanprêtre","Hans Zbinden"
"Franco Cavalli","Hans Zbinden"
"François Borel","Hans Zbinden"
"Hans Widmer","Hans Zbinden"
"Albrecht Rychen","Hanspeter Seiler"
"Ernst Hasler","Hanspeter Seiler"
"Hans Fehr","Hanspeter Seiler"
"Hans Rudolf Gysin","Hanspeter Seiler"
"Anita Thanei","Hanspeter Thür"
"Flavio Maspoli","Hanspeter Thür"
"Franziska Teuscher","Hanspeter Thür"
"Hans Zbinden","Hanspeter Thür"
"Adalbert Durrer","Hansueli Raggenbass"
"Albrecht Rychen","Hansueli Raggenbass"
"Brigitta M. Gadient","Hansueli Raggenbass"
"Christine Egerszegi-Obrist","Hansueli Raggenbass"
"Dumeni Columberg","Hansueli Raggenbass"
"Eugen David","Hansueli Raggenbass"
"François Lachat","Hansueli Raggenbass"
"Hans Ruckstuhl","Hansueli Raggenbass"
"Hans Rudolf Gysin","Hansueli Raggenbass"
"Hans Werner Widrig","Hansueli Raggenbass"
"Andreas Gross","Hansueli von Allmen"
"Anita Thanei","Hansueli von Allmen"
"Armin Jans","Hansueli von Allmen"
"Barbara Haering","Hansueli von Allmen"
"Claude Frey","Hansueli von Allmen"
"Didier Berberat","Hansueli von Allmen"
"Andreas Gross","Helmut Hubacher"
"Anita Thanei","Helmut Hubacher"
"Armin Jans","Helmut Hubacher"
"Didier Berberat","Helmut Hubacher"
"Franco Cavalli","Helmut Hubacher"
"François Borel","Helmut Hubacher"
"Claude Frey","Hermann Weyeneth"
"Flavio Maspoli","Hermann Weyeneth"
"Hans Fehr","Hermann Weyeneth"
"Hans Rudolf Gysin","Hermann Weyeneth"
"Alexander Tschäppät","Hildegard Fässler-Osterwalder"
"Andrea Hämmerle","Hildegard Fässler-Osterwalder"
"Andreas Gross","Hildegard Fässler-Osterwalder"
"Anita Thanei","Hildegard Fässler-Osterwalder"
"Armin Jans","Hildegard Fässler-Osterwalder"
"Christine Keller","Hildegard Fässler-Osterwalder"
"Didier Berberat","Hildegard Fässler-Osterwalder"
"Flavio Maspoli","Hildegard Fässler-Osterwalder"
"François Borel","Hildegard Fässler-Osterwalder"
"Hans Zbinden","Hildegard Fässler-Osterwalder"
"Claude Frey","Hubert Lauper"
"Cécile Bühlmann","Hugo Fasel"
"Erwin Jutzet","Hugo Fasel"
"Franziska Teuscher","Hugo Fasel"
"Hans Meier","Hugo Fasel"
"Hanspeter Thür","Hugo Fasel"
"Claude Frey","J. Alexander Baumann"
"Ernst Hasler","J. Alexander Baumann"
"François Loeb","J. Alexander Baumann"
"Hans Fehr","J. Alexander Baumann"
"Hans Rudolf Gysin","J. Alexander Baumann"
"Agnes Weber","Jacqueline Fehr"
"Alexander Tschäppät","Jacqueline Fehr"
"Andreas Gross","Jacqueline Fehr"
"Angeline Fankhauser","Jacqueline Fehr"
"Anita Thanei","Jacqueline Fehr"
"Barbara Haering","Jacqueline Fehr"
"Boris Banga","Jacqueline Fehr"
"Christine Keller","Jacqueline Fehr"
"Didier Berberat","Jacqueline Fehr"
"Doris Stump","Jacqueline Fehr"
"Ernst Leuenberger","Jacqueline Fehr"
"Erwin Jutzet","Jacqueline Fehr"
"Franco Cavalli","Jacqueline Fehr"
"François Borel","Jacqueline Fehr"
"Fredi Alder","Jacqueline Fehr"
"Hans Zbinden","Jacqueline Fehr"
"Hildegard Fässler-Osterwalder","Jacqueline Fehr"
"Claude Frey","Jacques-Simon Eggly"
"Hans Fehr","Jacques-Simon Eggly"
"Albrecht Rychen","Jakob Freund"
"Ernst Hasler","Jakob Freund"
"Hans Fehr","Jakob Freund"
"Hans Werner Widrig","Jakob Freund"
"Christian Grobet","Jean Spielmann"
"Christiane Jaquet-Berger","Jean Spielmann"
"Didier Berberat","Jean Spielmann"
"Flavio Maspoli","Jean Spielmann"
"François Borel","Jean Spielmann"
"Christiane Jaquet-Berger","Jean Ziegler"
"Claude Frey","Jean Ziegler"
"Didier Berberat","Jean Ziegler"
"Jacqueline Fehr","Jean Ziegler"
"Adalbert Durrer","Jean-Charles Simon"
"Daniel Vogel","Jean-Charles Simon"
"Dumeni Columberg","Jean-Charles Simon"
"Flavio Maspoli","Jean-Charles Simon"
"François Lachat","Jean-Charles Simon"
"Hans Fehr","Jean-Charles Simon"
"Hansueli Raggenbass","Jean-Charles Simon"
"Hubert Lauper","Jean-Charles Simon"
"Agnes Weber","Jean-Claude Rennwald"
"Alexander Tschäppät","Jean-Claude Rennwald"
"Andreas Gross","Jean-Claude Rennwald"
"Angeline Fankhauser","Jean-Claude Rennwald"
"Anita Thanei","Jean-Claude Rennwald"
"Armin Jans","Jean-Claude Rennwald"
"Barbara Geiser","Jean-Claude Rennwald"
"Barbara Haering","Jean-Claude Rennwald"
"Boris Banga","Jean-Claude Rennwald"
"Christian Grobet","Jean-Claude Rennwald"
"Christiane Jaquet-Berger","Jean-Claude Rennwald"
"Christine Goll","Jean-Claude Rennwald"
"Christine Keller","Jean-Claude Rennwald"
"Claude Frey","Jean-Claude Rennwald"
"Didier Berberat","Jean-Claude Rennwald"
"Ernst Leuenberger","Jean-Claude Rennwald"
"Erwin Jutzet","Jean-Claude Rennwald"
"Francine Jeanprêtre","Jean-Claude Rennwald"
"François Borel","Jean-Claude Rennwald"
"Fredi Alder","Jean-Claude Rennwald"
"Hansueli von Allmen","Jean-Claude Rennwald"
"Hildegard Fässler-Osterwalder","Jean-Claude Rennwald"
"Jacqueline Fehr","Jean-Claude Rennwald"
"Jean Spielmann","Jean-Claude Rennwald"
"Jean Ziegler","Jean-Claude Rennwald"
"Flavio Maspoli","Jean-François Leuba"
"Flavio Maspoli","Jean-Jérôme Filliez"
"Hansueli Raggenbass","Jean-Jérôme Filliez"
"Jean-Charles Simon","Jean-Jérôme Filliez"
"Adriano Cavadini","Jean-Michel Gros"
"Albrecht Rychen","Jean-Michel Gros"
"Bernard Comby","Jean-Michel Gros"
"Brigitta M. Gadient","Jean-Michel Gros"
"Cécile Bühlmann","Jean-Michel Gros"
"Charles Friderici","Jean-Michel Gros"
"Charles-Albert Antille","Jean-Michel Gros"
"Christiane Langenberger","Jean-Michel Gros"
"Christoph Eymann","Jean-Michel Gros"
"Claude Frey","Jean-Michel Gros"
"Flavio Maspoli","Jean-Michel Gros"
"Franco Cavalli","Jean-Michel Gros"
"François Loeb","Jean-Michel Gros"
"Georg Stucky","Jean-Michel Gros"
"Hans Fehr","Jean-Michel Gros"
"Jacques-Simon Eggly","Jean-Michel Gros"
"Jean-Charles Simon","Jean-Michel Gros"
"Albrecht Rychen","Jean-Nicolas Philipona"
"Claude Frey","Jean-Nicolas Philipona"
"François Loeb","Jean-Nicolas Philipona"
"Hans Fehr","Jean-Nicolas Philipona"
"Hans Rudolf Gysin","Jean-Nicolas Philipona"
"Alexander Tschäppät","Jean-Nils de Dardel"
"Andrea Hämmerle","Jean-Nils de Dardel"
"Andreas Gross","Jean-Nils de Dardel"
"Angeline Fankhauser","Jean-Nils de Dardel"
"Anita Thanei","Jean-Nils de Dardel"
"Armin Jans","Jean-Nils de Dardel"
"Barbara Haering","Jean-Nils de Dardel"
"Christian Grobet","Jean-Nils de Dardel"
"Christiane Jaquet-Berger","Jean-Nils de Dardel"
"Christine Keller","Jean-Nils de Dardel"
"Didier Berberat","Jean-Nils de Dardel"
"François Borel","Jean-Nils de Dardel"
"Hans Zbinden","Jean-Nils de Dardel"
"Jacqueline Fehr","Jean-Nils de Dardel"
"Jean-Claude Rennwald","Jean-Nils de Dardel"
"Jean-Michel Gros","Jean-Nils de Dardel"
"Flavio Maspoli","Jean-Philippe Maitre"
"Hansueli Raggenbass","Jean-Philippe Maitre"
"Jean-Charles Simon","Jean-Philippe Maitre"
"Jean-Michel Gros","Jean-Philippe Maitre"
"Albrecht Rychen","Jean-Pierre Bonny"
"Claude Frey","Jean-Pierre Bonny"
"Hans Fehr","Jean-Pierre Bonny"
"Hans Rudolf Gysin","Jean-Pierre Bonny"
"Jean-Michel Gros","Jean-Pierre Bonny"
"Albrecht Rychen","Johannes Randegger"
"Christine Egerszegi-Obrist","Johannes Randegger"
"Hans Fehr","Johannes Randegger"
"Andreas Gross","John Dupraz"
"Claude Frey","John Dupraz"
"Didier Berberat","John Dupraz"
"François Loeb","John Dupraz"
"Hans Rudolf Gysin","John Dupraz"
"Jean-Charles Simon","John Dupraz"
"Jean-Michel Gros","John Dupraz"
"Albrecht Rychen","Josef Kühne"
"Flavio Maspoli","Josef Kühne"
"Hans Fehr","Josef Kühne"
"Hans Rudolf Gysin","Josef Kühne"
"Hans Werner Widrig","Josef Kühne"
"Hansueli Raggenbass","Josef Kühne"
"Caspar Baader","Josef Kunz"
"Charles Friderici","Josef Kunz"
"Christian Speck","Josef Kunz"
"Emmanuella Blaser","Josef Kunz"
"Ernst Hasler","Josef Kunz"
"Flavio Maspoli","Josef Kunz"
"Georg Stucky","Josef Kunz"
"Hans Fehr","Josef Kunz"
"Hans Rudolf Gysin","Josef Kunz"
"J. Alexander Baumann","Josef Kunz"
"Jakob Freund","Josef Kunz"
"Jean-Michel Gros","Josef Kunz"
"Hans Fehr","Josef Leu"
"Hans Rudolf Gysin","Josef Leu"
"Hansueli Raggenbass","Josef Leu"
"Jean-Charles Simon","Josef Leu"
"Hans Werner Widrig","Josef Lötscher"
"Hansueli Raggenbass","Josef Lötscher"
"Didier Berberat","Josef Zisyadis"
"Hans Rudolf Gysin","Joseph Deiss"
"Hansueli Raggenbass","Joseph Deiss"
"Jean-Charles Simon","Joseph Deiss"
"Adalbert Durrer","Jost Gross"
"Albrecht Rychen","Jost Gross"
"Alexander Tschäppät","Jost Gross"
"Andrea Hämmerle","Jost Gross"
"Andreas Gross","Jost Gross"
"Andreas Herczog","Jost Gross"
"Angeline Fankhauser","Jost Gross"
"Anita Thanei","Jost Gross"
"Armin Jans","Jost Gross"
"Barbara Haering","Jost Gross"
"Boris Banga","Jost Gross"
"Brigitta M. Gadient","Jost Gross"
"Cécile Bühlmann","Jost Gross"
"Christian Grobet","Jost Gross"
"Christiane Jaquet-Berger","Jost Gross"
"Christine Egerszegi-Obrist","Jost Gross"
"Christine Goll","Jost Gross"
"Christine Keller","Jost Gross"
"Christoph Eymann","Jost Gross"
"Didier Berberat","Jost Gross"
"Doris Stump","Jost Gross"
"Elmar Ledergerber","Jost Gross"
"Ernst Leuenberger","Jost Gross"
"Eugen David","Jost Gross"
"Francine Jeanprêtre","Jost Gross"
"Franco Cavalli","Jost Gross"
"François Borel","Jost Gross"
"Franziska Teuscher","Jost Gross"
"Fredi Alder","Jost Gross"
"Hans Rudolf Gysin","Jost Gross"
"Hans Zbinden","Jost Gross"
"Hanspeter Thür","Jost Gross"
"Hansueli von Allmen","Jost Gross"
"Hildegard Fässler-Osterwalder","Jost Gross"
"Jacqueline Fehr","Jost Gross"
"Jean Spielmann","Jost Gross"
"Andreas Gross","Judith Stamm"
"Hansueli Raggenbass","Judith Stamm"
"Christian Speck","Jürg Scherrer"
"Christian Waber","Jürg Scherrer"
"Christoph Blocher","Jürg Scherrer"
"Claude Frey","Jürg Scherrer"
"Duri Bezzola","Jürg Scherrer"
"Emmanuella Blaser","Jürg Scherrer"
"Ernst Hasler","Jürg Scherrer"
"Flavio Maspoli","Jürg Scherrer"
"Fritz Abraham Oehrli","Jürg Scherrer"
"Georg Stucky","Jürg Scherrer"
"Hans Fehr","Jürg Scherrer"
"Hans Ruckstuhl","Jürg Scherrer"
"Hans Rudolf Gysin","Jürg Scherrer"
"Hanspeter Seiler","Jürg Scherrer"
"Hermann Weyeneth","Jürg Scherrer"
"J. Alexander Baumann","Jürg Scherrer"
"Jakob Freund","Jürg Scherrer"
"Jean-François Leuba","Jürg Scherrer"
"Jean-Michel Gros","Jürg Scherrer"
"Jean-Nicolas Philipona","Jürg Scherrer"
"Johannes Randegger","Jürg Scherrer"
"Josef Kühne","Jürg Scherrer"
"Josef Leu","Jürg Scherrer"
"Christine Egerszegi-Obrist","Karl Tschuppert"
"Hans Fehr","Karl Tschuppert"
"Hans Rudolf Gysin","Karl Tschuppert"
"Albrecht Rychen","Käthi Bangerter"
"Claude Frey","Käthi Bangerter"
"François Loeb","Käthi Bangerter"
"Hans Fehr","Käthi Bangerter"
"Hans Rudolf Gysin","Käthi Bangerter"
"Anita Thanei","Kathrin Hilber"
"Didier Berberat","Kathrin Hilber"
"Franco Cavalli","Kathrin Hilber"
"François Loeb","Lili Nabholz"
"Jost Gross","Lili Nabholz"
"Alexander Tschäppät","Liliane Maury Pasquier"
"Andreas Gross","Liliane Maury Pasquier"
"Anita Thanei","Liliane Maury Pasquier"
"Armin Jans","Liliane Maury Pasquier"
"Barbara Haering","Liliane Maury Pasquier"
"Christian Grobet","Liliane Maury Pasquier"
"Christine Keller","Liliane Maury Pasquier"
"Claude Frey","Liliane Maury Pasquier"
"Didier Berberat","Liliane Maury Pasquier"
"Franco Cavalli","Liliane Maury Pasquier"
"François Borel","Liliane Maury Pasquier"
"Jean-Claude Rennwald","Liliane Maury Pasquier"
"Jost Gross","Liliane Maury Pasquier"
"Christine Egerszegi-Obrist","Lisbeth Fehr"
"Ernst Hasler","Lisbeth Fehr"
"Flavio Maspoli","Lisbeth Fehr"
"Hans Fehr","Lisbeth Fehr"
"Hans Rudolf Gysin","Lisbeth Fehr"
"Claude Frey","Luzi Stamm"
"Flavio Maspoli","Luzi Stamm"
"Hans Fehr","Luzi Stamm"
"Hans Rudolf Gysin","Luzi Stamm"
"Jürg Scherrer","Luzi Stamm"
"Flavio Maspoli","Manfred Aregger"
"Hans Fehr","Manfred Aregger"
"Hans Rudolf Gysin","Manfred Aregger"
"Hans Werner Widrig","Manfred Aregger"
"Hansueli Raggenbass","Manfred Aregger"
"Josef Kunz","Manfred Aregger"
"Albrecht Rychen","Marc Frédéric Suter"
"Claude Frey","Marc Frédéric Suter"
"François Loeb","Marc Frédéric Suter"
"Hans Rudolf Gysin","Marc Frédéric Suter"
"Jean-Michel Gros","Marc Frédéric Suter"
"Jost Gross","Marc Frédéric Suter"
"Claude Frey","Marcel Sandoz"
"Hans Rudolf Gysin","Marcel Sandoz"
"Jürg Scherrer","Marcel Sandoz"
"Agnes Weber","Margrith von Felten"
"Andreas Gross","Margrith von Felten"
"Angeline Fankhauser","Margrith von Felten"
"Anita Thanei","Margrith von Felten"
"Armin Jans","Margrith von Felten"
"Barbara Haering","Margrith von Felten"
"Christian Grobet","Margrith von Felten"
"Christiane Jaquet-Berger","Margrith von Felten"
"Didier Berberat","Margrith von Felten"
"Erwin Jutzet","Margrith von Felten"
"François Borel","Margrith von Felten"
"Hans Zbinden","Margrith von Felten"
"Hildegard Fässler-Osterwalder","Margrith von Felten"
"Jean-Nils de Dardel","Margrith von Felten"
"Jost Gross","Margrith von Felten"
"Claude Frey","Marguerite Florio"
"Jean-Michel Gros","Marguerite Florio"
"Alexander Tschäppät","Maria Bernasconi"
"Andrea Hämmerle","Maria Bernasconi"
"Andreas Gross","Maria Bernasconi"
"Andreas Herczog","Maria Bernasconi"
"Anita Thanei","Maria Bernasconi"
"Armin Jans","Maria Bernasconi"
"Cécile Bühlmann","Maria Bernasconi"
"Christian Grobet","Maria Bernasconi"
"Christiane Jaquet-Berger","Maria Bernasconi"
"Christine Goll","Maria Bernasconi"
"Claude Frey","Maria Bernasconi"
"Didier Berberat","Maria Bernasconi"
"Doris Stump","Maria Bernasconi"
"Francine Jeanprêtre","Maria Bernasconi"
"François Borel","Maria Bernasconi"
"Hans Zbinden","Maria Bernasconi"
"Hildegard Fässler-Osterwalder","Maria Bernasconi"
"Jacqueline Fehr","Maria Bernasconi"
"Jean-Claude Rennwald","Maria Bernasconi"
"Jost Gross","Maria Bernasconi"
"Liliane Maury Pasquier","Maria Bernasconi"
"Margrith von Felten","Maria Bernasconi"
"Flavio Maspoli","Markus Ruf"
"Hans Steffen","Markus Ruf"
"Flavio Maspoli","Massimo Pini"
"Ernst Hasler","Max Binder"
"Flavio Maspoli","Max Binder"
"François Loeb","Max Binder"
"Hans Fehr","Max Binder"
"Hans Rudolf Gysin","Max Binder"
"Jürg Scherrer","Max Binder"
"Hans Rudolf Gysin","Melchior Ehrler"
"Hans Werner Widrig","Melchior Ehrler"
"Hansueli Raggenbass","Melchior Ehrler"
"Jean-Charles Simon","Melchior Ehrler"
"Jürg Scherrer","Melchior Ehrler"
"Flavio Maspoli","Michael E. Dreher"
"Hans Fehr","Michael E. Dreher"
"Josef Kunz","Michael E. Dreher"
"Jürg Scherrer","Michael E. Dreher"
"Alexander Tschäppät","Michel Béguelin"
"Andreas Gross","Michel Béguelin"
"Angeline Fankhauser","Michel Béguelin"
"Anita Thanei","Michel Béguelin"
"Christian Grobet","Michel Béguelin"
"Christiane Jaquet-Berger","Michel Béguelin"
"Claude Frey","Michel Béguelin"
"Didier Berberat","Michel Béguelin"
"Jacqueline Fehr","Michel Béguelin"
"Jean-Claude Rennwald","Michel Béguelin"
"Christine Egerszegi-Obrist","Milli Wittenwiler"
"Hans Fehr","Milli Wittenwiler"
"Hans Rudolf Gysin","Milli Wittenwiler"
"Adalbert Durrer","Norbert Hochreutener"
"Albrecht Rychen","Norbert Hochreutener"
"Alex Heim","Norbert Hochreutener"
"Eugen David","Norbert Hochreutener"
"Flavio Maspoli","Norbert Hochreutener"
"Hans Werner Widrig","Norbert Hochreutener"
"Hansueli Raggenbass","Norbert Hochreutener"
"Josef Leu","Norbert Hochreutener"
"Josef Lötscher","Norbert Hochreutener"
"Judith Stamm","Norbert Hochreutener"
"Melchior Ehrler","Norbert Hochreutener"
"Hans Werner Widrig","Odilo Schmid"
"Hansueli Raggenbass","Odilo Schmid"
"Hugo Fasel","Odilo Schmid"
"Jean-Charles Simon","Odilo Schmid"
"François Loeb","Oscar Fritschi"
"Hans Fehr","Oscar Fritschi"
"Hans Rudolf Gysin","Oscar Fritschi"
"Hans Werner Widrig","Oscar Fritschi"
"Hans Werner Widrig","Otto G. Loretan"
"Jean-Charles Simon","Otto G. Loretan"
"Ernst Hasler","Otto Hess"
"Hans Fehr","Otto Hess"
"Hans Rudolf Gysin","Otto Hess"
"Josef Kunz","Otto Hess"
"Agnes Weber","Otto Zwygart"
"François Borel","Otto Zwygart"
"Hans Widmer","Otto Zwygart"
"Hanspeter Seiler","Otto Zwygart"
"Jost Gross","Otto Zwygart"
"Max Dünki","Otto Zwygart"
"François Loeb","Pascal Couchepin"
"Agnes Weber","Paul Günter"
"Alexander Tschäppät","Paul Günter"
"Andrea Hämmerle","Paul Günter"
"Andreas Gross","Paul Günter"
"Andreas Herczog","Paul Günter"
"Angeline Fankhauser","Paul Günter"
"Anita Thanei","Paul Günter"
"Armin Jans","Paul Günter"
"Barbara Haering","Paul Günter"
"Boris Banga","Paul Günter"
"Cécile Bühlmann","Paul Günter"
"Didier Berberat","Paul Günter"
"Erwin Jutzet","Paul Günter"
"Franziska Teuscher","Paul Günter"
"Hans Meier","Paul Günter"
"Hansueli von Allmen","Paul Günter"
"Jacqueline Fehr","Paul Günter"
"Jean-Claude Rennwald","Paul Günter"
"Jost Gross","Paul Günter"
"Kathrin Hilber","Paul Günter"
"Liliane Maury Pasquier","Paul Günter"
"Maria Bernasconi","Paul Günter"
"Max Dünki","Paul Günter"
"Norbert Hochreutener","Paul Günter"
"Adriano Cavadini","Paul Rechsteiner"
"Andrea Hämmerle","Paul Rechsteiner"
"Andreas Gross","Paul Rechsteiner"
"Anita Thanei","Paul Rechsteiner"
"Armin Jans","Paul Rechsteiner"
"Charles Friderici","Paul Rechsteiner"
"Christine Keller","Paul Rechsteiner"
"Didier Berberat","Paul Rechsteiner"
"Franco Cavalli","Paul Rechsteiner"
"François Borel","Paul Rechsteiner"
"François Loeb","Paul Rechsteiner"
"Georg Stucky","Paul Rechsteiner"
"Jacques-Simon Eggly","Paul Rechsteiner"
"Jean-Nils de Dardel","Paul Rechsteiner"
"Jean-Philippe Maitre","Paul Rechsteiner"
"Jost Gross","Paul Rechsteiner"
"Maria Bernasconi","Paul Rechsteiner"
"Paul Günter","Paul Rechsteiner"
"Adalbert Durrer","Peter Baumberger"
"Alex Heim","Peter Baumberger"
"Andreas Herczog","Peter Baumberger"
"Christian Speck","Peter Baumberger"
"Christoph Eymann","Peter Baumberger"
"Dorle Vallender","Peter Baumberger"
"Edi Engelberger","Peter Baumberger"
"Erich Müller","Peter Baumberger"
"Ernst Hasler","Peter Baumberger"
"François Loeb","Peter Baumberger"
"Georg Stucky","Peter Baumberger"
"Georges Theiler","Peter Baumberger"
"Hans Ruckstuhl","Peter Baumberger"
"Hans Rudolf Gysin","Peter Baumberger"
"Hans Werner Widrig","Peter Baumberger"
"Hansueli Raggenbass","Peter Baumberger"
"J. Alexander Baumann","Peter Baumberger"
"Jean-Charles Simon","Peter Baumberger"
"Jean-Nicolas Philipona","Peter Baumberger"
"Josef Kühne","Peter Baumberger"
"Josef Leu","Peter Baumberger"
"Josef Lötscher","Peter Baumberger"
"Joseph Deiss","Peter Baumberger"
"Jürg Scherrer","Peter Baumberger"
"Luzi Stamm","Peter Baumberger"
"Melchior Ehrler","Peter Baumberger"
"Norbert Hochreutener","Peter Baumberger"
"Odilo Schmid","Peter Baumberger"
"Otto G. Loretan","Peter Baumberger"
"Hans Rudolf Gysin","Peter Bircher"
"Hansueli Raggenbass","Peter Bircher"
"Jean-Charles Simon","Peter Bircher"
"Norbert Hochreutener","Peter Bircher"
"Anita Thanei","Peter Bodenmann"
"Armin Jans","Peter Bodenmann"
"Didier Berberat","Peter Bodenmann"
"Paul Günter","Peter Bodenmann"
"Albrecht Rychen","Peter Föhn"
"Ernst Hasler","Peter Föhn"
"Flavio Maspoli","Peter Föhn"
"Hans Fehr","Peter Föhn"
"Hans Rudolf Gysin","Peter Föhn"
"Josef Kunz","Peter Föhn"
"Jürg Scherrer","Peter Föhn"
"Alexander Tschäppät","Peter Jossen-Zinsstag"
"Andrea Hämmerle","Peter Jossen-Zinsstag"
"Andreas Gross","Peter Jossen-Zinsstag"
"Claude Frey","Peter Kofmel"
"François Loeb","Peter Kofmel"
"Hans Fehr","Peter Kofmel"
"Hans Rudolf Gysin","Peter Kofmel"
"Jürg Scherrer","Peter Kofmel"
"Peter Baumberger","Peter Kofmel"
"Claude Frey","Peter Tschopp"
"François Loeb","Peter Tschopp"
"Jean-Michel Gros","Peter Tschopp"
"Agnes Weber","Peter Vollmer"
"Alexander Tschäppät","Peter Vollmer"
"Andrea Hämmerle","Peter Vollmer"
"Andreas Gross","Peter Vollmer"
"Andreas Herczog","Peter Vollmer"
"Angeline Fankhauser","Peter Vollmer"
"Anita Thanei","Peter Vollmer"
"Armin Jans","Peter Vollmer"
"Barbara Haering","Peter Vollmer"
"Christine Keller","Peter Vollmer"
"Didier Berberat","Peter Vollmer"
"Doris Stump","Peter Vollmer"
"Erwin Jutzet","Peter Vollmer"
"François Borel","Peter Vollmer"
"Hans Widmer","Peter Vollmer"
"Hans Zbinden","Peter Vollmer"
"Hildegard Fässler-Osterwalder","Peter Vollmer"
"Jacqueline Fehr","Peter Vollmer"
"Jean-Claude Rennwald","Peter Vollmer"
"Jean-Nils de Dardel","Peter Vollmer"
"Jost Gross","Peter Vollmer"
"Liliane Maury Pasquier","Peter Vollmer"
"Margrith von Felten","Peter Vollmer"
"Maria Bernasconi","Peter Vollmer"
"Paul Günter","Peter Vollmer"
"Paul Rechsteiner","Peter Vollmer"
"Flavio Maspoli","Peter Weigelt"
"Hans Fehr","Peter Weigelt"
"Hans Rudolf Gysin","Peter Weigelt"
"Josef Kunz","Peter Weigelt"
"Hans Fehr","Philippe Pidoux"
"Hansueli Raggenbass","Philippe Pidoux"
"Jürg Scherrer","Philippe Pidoux"
"Andreas Gross","Pia Hollenstein"
"Andreas Herczog","Pia Hollenstein"
"Angeline Fankhauser","Pia Hollenstein"
"Anita Thanei","Pia Hollenstein"
"Barbara Haering","Pia Hollenstein"
"Bernard Comby","Pia Hollenstein"
"Christine Goll","Pia Hollenstein"
"Flavio Maspoli","Pia Hollenstein"
"Franziska Teuscher","Pia Hollenstein"
"Fulvio Caccia","Pia Hollenstein"
"Fulvio Pelli","Pia Hollenstein"
"Hans Meier","Pia Hollenstein"
"Hans Widmer","Pia Hollenstein"
"Hans Zbinden","Pia Hollenstein"
"Hanspeter Thür","Pia Hollenstein"
"Hildegard Fässler-Osterwalder","Pia Hollenstein"
"Hugo Fasel","Pia Hollenstein"
"Jean Ziegler","Pia Hollenstein"
"Jost Gross","Pia Hollenstein"
"Paul Günter","Pia Hollenstein"
"Paul Rechsteiner","Pia Hollenstein"
"Peter Vollmer","Pia Hollenstein"
"Alexander Tschäppät","Pierre Aguet"
"Andreas Gross","Pierre Aguet"
"Anita Thanei","Pierre Aguet"
"Armin Jans","Pierre Aguet"
"Christian Grobet","Pierre Aguet"
"Christiane Jaquet-Berger","Pierre Aguet"
"Christine Keller","Pierre Aguet"
"Claude Frey","Pierre Aguet"
"Didier Berberat","Pierre Aguet"
"François Borel","Pierre Aguet"
"Hans Zbinden","Pierre Aguet"
"Jean-Claude Rennwald","Pierre Aguet"
"Jost Gross","Pierre Aguet"
"Peter Vollmer","Pierre Aguet"
"Pia Hollenstein","Pierre Aguet"
"Anita Thanei","Pierre Chiffelle"
"Armin Jans","Pierre Chiffelle"
"Didier Berberat","Pierre Chiffelle"
"François Borel","Pierre Chiffelle"
"Hans Zbinden","Pierre Chiffelle"
"Jean-Claude Rennwald","Pierre Chiffelle"
"Jost Gross","Pierre Chiffelle"
"Maria Bernasconi","Pierre Chiffelle"
"Paul Günter","Pierre Chiffelle"
"Pia Hollenstein","Pierre Chiffelle"
"Anton Schaller","Regina Ammann Schoch"
"Markus Ruf","Regina Ammann Schoch"
"Max Dünki","Regina Ammann Schoch"
"Otto Zwygart","Regina Ammann Schoch"
"Alexander Tschäppät","Regine Aeppli"
"Andreas Gross","Regine Aeppli"
"Angeline Fankhauser","Regine Aeppli"
"Anita Thanei","Regine Aeppli"
"Armin Jans","Regine Aeppli"
"Christine Keller","Regine Aeppli"
"Didier Berberat","Regine Aeppli"
"François Borel","Regine Aeppli"
"Hans Zbinden","Regine Aeppli"
"Jost Gross","Regine Aeppli"
"Maria Bernasconi","Regine Aeppli"
"Peter Vollmer","Regine Aeppli"
"Claude Frey","Remigio Ratti"
"Flavio Maspoli","Remigio Ratti"
"Jean-Charles Simon","Remigio Ratti"
"Pia Hollenstein","Remigio Ratti"
"Alexander Tschäppät","Remo Gysin"
"Andreas Gross","Remo Gysin"
"Angeline Fankhauser","Remo Gysin"
"Anita Thanei","Remo Gysin"
"Armin Jans","Remo Gysin"
"Barbara Haering","Remo Gysin"
"Christine Keller","Remo Gysin"
"Didier Berberat","Remo Gysin"
"Erwin Jutzet","Remo Gysin"
"Franco Cavalli","Remo Gysin"
"François Borel","Remo Gysin"
"Fredi Alder","Remo Gysin"
"Hans Rudolf Gysin","Remo Gysin"
"Hans Widmer","Remo Gysin"
"Hans Zbinden","Remo Gysin"
"Jacqueline Fehr","Remo Gysin"
"Jean Ziegler","Remo Gysin"
"Jean-Claude Rennwald","Remo Gysin"
"Jost Gross","Remo Gysin"
"Maria Bernasconi","Remo Gysin"
"Paul Günter","Remo Gysin"
"Peter Vollmer","Remo Gysin"
"Pia Hollenstein","Remo Gysin"
"Regine Aeppli","Remo Gysin"
"Charles Friderici","Rémy Scheurer"
"Christiane Langenberger","Rémy Scheurer"
"Christoph Eymann","Rémy Scheurer"
"Claude Frey","Rémy Scheurer"
"Daniel Vogel","Rémy Scheurer"
"Didier Berberat","Rémy Scheurer"
"Emmanuella Blaser","Rémy Scheurer"
"Hans Fehr","Rémy Scheurer"
"Hubert Lauper","Rémy Scheurer"
"Jacques-Simon Eggly","Rémy Scheurer"
"Jean-Charles Simon","Rémy Scheurer"
"Jean-Michel Gros","Rémy Scheurer"
"Jean-Nicolas Philipona","Rémy Scheurer"
"Jürg Scherrer","Rémy Scheurer"
"Liliane Maury Pasquier","Rémy Scheurer"
"Marc Frédéric Suter","Rémy Scheurer"
"Marcel Sandoz","Rémy Scheurer"
"Maria Bernasconi","Rémy Scheurer"
"Paul Rechsteiner","Rémy Scheurer"
"Flavio Maspoli","René Moser"
"Hans Fehr","René Moser"
"Hans Rudolf Gysin","René Moser"
"Josef Kunz","René Moser"
"Jürg Scherrer","René Moser"
"Albrecht Rychen","Roland F. Borer"
"Flavio Maspoli","Roland F. Borer"
"Hans Fehr","Roland F. Borer"
"Hans Rudolf Gysin","Roland F. Borer"
"Josef Kunz","Roland F. Borer"
"Jürg Scherrer","Roland F. Borer"
"Franziska Teuscher","Roland Ostermann"
"Jean-Charles Simon","Roland Ostermann"
"Jean-Michel Gros","Roland Ostermann"
"Rémy Scheurer","Roland Ostermann"
"Flavio Maspoli","Roland Wiederkehr"
"Otto Zwygart","Roland Wiederkehr"
"Regina Ammann Schoch","Roland Wiederkehr"
"Hans Werner Widrig","Rolf Engler"
"Hansueli Raggenbass","Rolf Engler"
"Peter Baumberger","Rolf Engler"
"Christian Speck","Rolf Hegetschweiler"
"Christine Egerszegi-Obrist","Rolf Hegetschweiler"
"Christoph Blocher","Rolf Hegetschweiler"
"Duri Bezzola","Rolf Hegetschweiler"
"Edi Engelberger","Rolf Hegetschweiler"
"Erich Müller","Rolf Hegetschweiler"
"Ernst Hasler","Rolf Hegetschweiler"
"Ernst Mühlemann","Rolf Hegetschweiler"
"François Loeb","Rolf Hegetschweiler"
"Georg Stucky","Rolf Hegetschweiler"
"Georges Theiler","Rolf Hegetschweiler"
"Gerold Bührer","Rolf Hegetschweiler"
"Hans Fehr","Rolf Hegetschweiler"
"Hans Rudolf Gysin","Rolf Hegetschweiler"
"Hans Steffen","Rolf Hegetschweiler"
"Hans Werner Widrig","Rolf Hegetschweiler"
"Hansueli Raggenbass","Rolf Hegetschweiler"
"J. Alexander Baumann","Rolf Hegetschweiler"
"Jakob Freund","Rolf Hegetschweiler"
"Josef Kühne","Rolf Hegetschweiler"
"Josef Kunz","Rolf Hegetschweiler"
"Jürg Scherrer","Rolf Hegetschweiler"
"Karl Tschuppert","Rolf Hegetschweiler"
"Käthi Bangerter","Rolf Hegetschweiler"
"Lisbeth Fehr","Rolf Hegetschweiler"
"Luzi Stamm","Rolf Hegetschweiler"
"Max Binder","Rolf Hegetschweiler"
"Michael E. Dreher","Rolf Hegetschweiler"
"Milli Wittenwiler","Rolf Hegetschweiler"
"Oscar Fritschi","Rolf Hegetschweiler"
"Peter Baumberger","Rolf Hegetschweiler"
"Peter Föhn","Rolf Hegetschweiler"
"Peter Hess","Rolf Hegetschweiler"
"Peter Kofmel","Rolf Hegetschweiler"
"Peter Weigelt","Rolf Hegetschweiler"
"Rémy Scheurer","Rolf Hegetschweiler"
"René Moser","Rolf Hegetschweiler"
"Roland F. Borer","Rolf Hegetschweiler"
"Rolf Engler","Rolf Hegetschweiler"
"Claude Frey","Rose-Marie Ducrot"
"Jean-Charles Simon","Rose-Marie Ducrot"
"Rémy Scheurer","Rose-Marie Ducrot"
"Franco Cavalli","Rosmarie Dormann"
"Jost Gross","Rosmarie Dormann"
"Judith Stamm","Rosmarie Dormann"
"Maria Bernasconi","Rosmarie Dormann"
"Norbert Hochreutener","Rosmarie Dormann"
"Adalbert Durrer","Rosmarie Zapfl"
"Alexander Tschäppät","Rosmarie Zapfl"
"Anita Thanei","Rosmarie Zapfl"
"Cécile Bühlmann","Rosmarie Zapfl"
"Christiane Langenberger","Rosmarie Zapfl"
"Christine Goll","Rosmarie Zapfl"
"Eugen David","Rosmarie Zapfl"
"François Lachat","Rosmarie Zapfl"
"Hans Ruckstuhl","Rosmarie Zapfl"
"Hans Werner Widrig","Rosmarie Zapfl"
"Hansueli Raggenbass","Rosmarie Zapfl"
"Hildegard Fässler-Osterwalder","Rosmarie Zapfl"
"Jean-Michel Gros","Rosmarie Zapfl"
"Jean-Philippe Maitre","Rosmarie Zapfl"
"Josef Kühne","Rosmarie Zapfl"
"Josef Leu","Rosmarie Zapfl"
"Josef Lötscher","Rosmarie Zapfl"
"Joseph Deiss","Rosmarie Zapfl"
"Margrith von Felten","Rosmarie Zapfl"
"Maria Bernasconi","Rosmarie Zapfl"
"Melchior Ehrler","Rosmarie Zapfl"
"Norbert Hochreutener","Rosmarie Zapfl"
"Odilo Schmid","Rosmarie Zapfl"
"Peter Baumberger","Rosmarie Zapfl"
"Peter Bircher","Rosmarie Zapfl"
"Pia Hollenstein","Rosmarie Zapfl"
"Regine Aeppli","Rosmarie Zapfl"
"Rolf Engler","Rosmarie Zapfl"
"Rose-Marie Ducrot","Rosmarie Zapfl"
"Rosmarie Dormann","Rosmarie Zapfl"
"Claude Frey","Rudolf Imhof"
"Hans Fehr","Rudolf Imhof"
"Hans Rudolf Gysin","Rudolf Imhof"
"Hans Werner Widrig","Rudolf Imhof"
"Hansueli Raggenbass","Rudolf Imhof"
"Norbert Hochreutener","Rudolf Imhof"
"Peter Baumberger","Rudolf Imhof"
"Rosmarie Zapfl","Rudolf Imhof"
"Flavio Maspoli","Rudolf Keller"
"Hans Fehr","Rudolf Keller"
"Hans Rudolf Gysin","Rudolf Keller"
"Jürg Scherrer","Rudolf Keller"
"Markus Ruf","Rudolf Keller"
"Alexander Tschäppät","Rudolf Rechsteiner"
"Andrea Hämmerle","Rudolf Rechsteiner"
"Andreas Gross","Rudolf Rechsteiner"
"Angeline Fankhauser","Rudolf Rechsteiner"
"Anita Thanei","Rudolf Rechsteiner"
"Armin Jans","Rudolf Rechsteiner"
"Barbara Haering","Rudolf Rechsteiner"
"Christine Keller","Rudolf Rechsteiner"
"Didier Berberat","Rudolf Rechsteiner"
"Doris Stump","Rudolf Rechsteiner"
"Erwin Jutzet","Rudolf Rechsteiner"
"Franco Cavalli","Rudolf Rechsteiner"
"François Borel","Rudolf Rechsteiner"
"Hans Rudolf Gysin","Rudolf Rechsteiner"
"Hans Widmer","Rudolf Rechsteiner"
"Hans Zbinden","Rudolf Rechsteiner"
"Hildegard Fässler-Osterwalder","Rudolf Rechsteiner"
"Jean-Claude Rennwald","Rudolf Rechsteiner"
"Jost Gross","Rudolf Rechsteiner"
"Liliane Maury Pasquier","Rudolf Rechsteiner"
"Michel Béguelin","Rudolf Rechsteiner"
"Paul Günter","Rudolf Rechsteiner"
"Regine Aeppli","Rudolf Rechsteiner"
"Remo Gysin","Rudolf Rechsteiner"
"Claude Frey","Rudolf Steiner"
"François Loeb","Rudolf Steiner"
"Hans Fehr","Rudolf Steiner"
"Hans Rudolf Gysin","Rudolf Steiner"
"Peter Baumberger","Rudolf Steiner"
"Rolf Hegetschweiler","Rudolf Steiner"
"Agnes Weber","Rudolf Strahm"
"Alexander Tschäppät","Rudolf Strahm"
"Andrea Hämmerle","Rudolf Strahm"
"Andreas Gross","Rudolf Strahm"
"Andreas Herczog","Rudolf Strahm"
"Angeline Fankhauser","Rudolf Strahm"
"Anita Thanei","Rudolf Strahm"
"Armin Jans","Rudolf Strahm"
"Barbara Haering","Rudolf Strahm"
"Boris Banga","Rudolf Strahm"
"Christian Grobet","Rudolf Strahm"
"Christiane Jaquet-Berger","Rudolf Strahm"
"Christine Goll","Rudolf Strahm"
"Christine Keller","Rudolf Strahm"
"Didier Berberat","Rudolf Strahm"
"Doris Stump","Rudolf Strahm"
"Elmar Ledergerber","Rudolf Strahm"
"Ernst Leuenberger","Rudolf Strahm"
"Erwin Jutzet","Rudolf Strahm"
"Francine Jeanprêtre","Rudolf Strahm"
"Franco Cavalli","Rudolf Strahm"
"François Borel","Rudolf Strahm"
"Fredi Alder","Rudolf Strahm"
"Hans Rudolf Gysin","Rudolf Strahm"
"Hans Widmer","Rudolf Strahm"
"Hans Zbinden","Rudolf Strahm"
"Hansueli von Allmen","Rudolf Strahm"
"Helmut Hubacher","Rudolf Strahm"
"Hildegard Fässler-Osterwalder","Rudolf Strahm"
"Jacqueline Fehr","Rudolf Strahm"
"Jean Ziegler","Rudolf Strahm"
"Jean-Claude Rennwald","Rudolf Strahm"
"Jean-Nils de Dardel","Rudolf Strahm"
"Jost Gross","Rudolf Strahm"
"Kathrin Hilber","Rudolf Strahm"
"Liliane Maury Pasquier","Rudolf Strahm"
"Margrith von Felten","Rudolf Strahm"
"Maria Bernasconi","Rudolf Strahm"
"Michel Béguelin","Rudolf Strahm"
"Paul Günter","Rudolf Strahm"
"Paul Rechsteiner","Rudolf Strahm"
"Peter Baumberger","Rudolf Strahm"
"Peter Bodenmann","Rudolf Strahm"
"Peter Jossen-Zinsstag","Rudolf Strahm"
"Peter Vollmer","Rudolf Strahm"
"Pia Hollenstein","Rudolf Strahm"
"Pierre Aguet","Rudolf Strahm"
"Regine Aeppli","Rudolf Strahm"
"Remo Gysin","Rudolf Strahm"
"Rudolf Rechsteiner","Rudolf Strahm"
"Flavio Maspoli","Ruedi Baumann"
"Franziska Teuscher","Ruedi Baumann"
"Hugo Fasel","Ruedi Baumann"
"Paul Günter","Ruedi Baumann"
"Pia Hollenstein","Ruedi Baumann"
"Hugo Fasel","Ruth Genner"
"Franco Cavalli","Ruth Gonseth"
"Franziska Teuscher","Ruth Gonseth"
"Jost Gross","Ruth Gonseth"
"Otto Zwygart","Ruth Gonseth"
"Paul Günter","Ruth Gonseth"
"Pia Hollenstein","Ruth Gonseth"
"Hansueli Raggenbass","Ruth Grossenbacher-Schmid"
"Jean-Charles Simon","Ruth Grossenbacher-Schmid"
"Norbert Hochreutener","Ruth Grossenbacher-Schmid"
"Rosmarie Zapfl","Ruth Grossenbacher-Schmid"
"Claude Frey","Ruth Kalbermatten"
"Hans Fehr","Ruth Kalbermatten"
"Agnes Weber","Ruth-Gaby Vermot-Mangold"
"Alexander Tschäppät","Ruth-Gaby Vermot-Mangold"
"Andrea Hämmerle","Ruth-Gaby Vermot-Mangold"
"Andreas Gross","Ruth-Gaby Vermot-Mangold"
"Angeline Fankhauser","Ruth-Gaby Vermot-Mangold"
"Anita Thanei","Ruth-Gaby Vermot-Mangold"
"Armin Jans","Ruth-Gaby Vermot-Mangold"
"Cécile Bühlmann","Ruth-Gaby Vermot-Mangold"
"Christiane Jaquet-Berger","Ruth-Gaby Vermot-Mangold"
"Christine Keller","Ruth-Gaby Vermot-Mangold"
"Didier Berberat","Ruth-Gaby Vermot-Mangold"
"Doris Stump","Ruth-Gaby Vermot-Mangold"
"Erwin Jutzet","Ruth-Gaby Vermot-Mangold"
"Flavio Maspoli","Ruth-Gaby Vermot-Mangold"
"Franco Cavalli","Ruth-Gaby Vermot-Mangold"
"Hans Widmer","Ruth-Gaby Vermot-Mangold"
"Hans Zbinden","Ruth-Gaby Vermot-Mangold"
"Hanspeter Thür","Ruth-Gaby Vermot-Mangold"
"Hildegard Fässler-Osterwalder","Ruth-Gaby Vermot-Mangold"
"Jean-Claude Rennwald","Ruth-Gaby Vermot-Mangold"
"Jean-Nils de Dardel","Ruth-Gaby Vermot-Mangold"
"Jost Gross","Ruth-Gaby Vermot-Mangold"
"Liliane Maury Pasquier","Ruth-Gaby Vermot-Mangold"
"Maria Bernasconi","Ruth-Gaby Vermot-Mangold"
"Paul Günter","Ruth-Gaby Vermot-Mangold"
"Paul Rechsteiner","Ruth-Gaby Vermot-Mangold"
"Peter Vollmer","Ruth-Gaby Vermot-Mangold"
"Pia Hollenstein","Ruth-Gaby Vermot-Mangold"
"Pierre Chiffelle","Ruth-Gaby Vermot-Mangold"
"Regine Aeppli","Ruth-Gaby Vermot-Mangold"
"Remo Gysin","Ruth-Gaby Vermot-Mangold"
"Rudolf Rechsteiner","Ruth-Gaby Vermot-Mangold"
"Rudolf Strahm","Ruth-Gaby Vermot-Mangold"
"Ruedi Baumann","Ruth-Gaby Vermot-Mangold"
"Ruth Gonseth","Ruth-Gaby Vermot-Mangold"
"Otto Zwygart","Samuel Meier"
"Paul Günter","Samuel Meier"
"Albrecht Rychen","Samuel Schmid"
"François Loeb","Samuel Schmid"
"Hans Fehr","Samuel Schmid"
"Hans Rudolf Gysin","Samuel Schmid"
"Hans Werner Widrig","Samuel Schmid"
"Peter Baumberger","Samuel Schmid"
"Claude Frey","Serge Beck"
"Hans Fehr","Serge Beck"
"Rémy Scheurer","Serge Beck"
"Alexander Tschäppät","Silva Semadeni"
"Andrea Hämmerle","Silva Semadeni"
"Andreas Gross","Silva Semadeni"
"Angeline Fankhauser","Silva Semadeni"
"Anita Thanei","Silva Semadeni"
"Armin Jans","Silva Semadeni"
"Barbara Haering","Silva Semadeni"
"Didier Berberat","Silva Semadeni"
"Franco Cavalli","Silva Semadeni"
"Hans Zbinden","Silva Semadeni"
"Jean-Claude Rennwald","Silva Semadeni"
"Jost Gross","Silva Semadeni"
"Paul Günter","Silva Semadeni"
"Peter Vollmer","Silva Semadeni"
"Rudolf Strahm","Silva Semadeni"
"Ruth-Gaby Vermot-Mangold","Silva Semadeni"
"Adriano Cavadini","Simon Epiney"
"Alex Heim","Simon Epiney"
"Bernard Comby","Simon Epiney"
"Brigitta M. Gadient","Simon Epiney"
"Charles Friderici","Simon Epiney"
"Charles-Albert Antille","Simon Epiney"
"Claude Frey","Simon Epiney"
"Daniel Vogel","Simon Epiney"
"Duri Bezzola","Simon Epiney"
"Emmanuella Blaser","Simon Epiney"
"Flavio Maspoli","Simon Epiney"
"Franco Donati","Simon Epiney"
"François Lachat","Simon Epiney"
"Fulvio Pelli","Simon Epiney"
"Gilbert Debons","Simon Epiney"
"Hans Fehr","Simon Epiney"
"Hans Ruckstuhl","Simon Epiney"
"Hansueli Raggenbass","Simon Epiney"
"Hubert Lauper","Simon Epiney"
"Jacques-Simon Eggly","Simon Epiney"
"Jean-Charles Simon","Simon Epiney"
"Jean-Michel Gros","Simon Epiney"
"Jean-Nicolas Philipona","Simon Epiney"
"Jean-Philippe Maitre","Simon Epiney"
"John Dupraz","Simon Epiney"
"Josef Leu","Simon Epiney"
"Josef Lötscher","Simon Epiney"
"Joseph Deiss","Simon Epiney"
"Marcel Sandoz","Simon Epiney"
"Norbert Hochreutener","Simon Epiney"
"Peter Baumberger","Simon Epiney"
"Peter Tschopp","Simon Epiney"
"Philippe Pidoux","Simon Epiney"
"Remigio Ratti","Simon Epiney"
"Rémy Scheurer","Simon Epiney"
"Rose-Marie Ducrot","Simon Epiney"
"Rosmarie Zapfl","Simon Epiney"
"Rudolf Imhof","Simon Epiney"
"Samuel Schmid","Simon Epiney"
"Serge Beck","Simon Epiney"
"Albrecht Rychen","Simon Schenk"
"Charles Friderici","Simon Schenk"
"Charles-Albert Antille","Simon Schenk"
"Christian Speck","Simon Schenk"
"Christian Waber","Simon Schenk"
"Christoph Blocher","Simon Schenk"
"Claude Frey","Simon Schenk"
"Edi Engelberger","Simon Schenk"
"Emmanuella Blaser","Simon Schenk"
"Ernst Hasler","Simon Schenk"
"Flavio Maspoli","Simon Schenk"
"Fritz Abraham Oehrli","Simon Schenk"
"Georg Stucky","Simon Schenk"
"Gerold Bührer","Simon Schenk"
"Hans Fehr","Simon Schenk"
"Hans Rudolf Gysin","Simon Schenk"
"Hans Steffen","Simon Schenk"
"Hanspeter Seiler","Simon Schenk"
"Hermann Weyeneth","Simon Schenk"
"J. Alexander Baumann","Simon Schenk"
"Jakob Freund","Simon Schenk"
"Jean-Michel Gros","Simon Schenk"
"Jean-Nicolas Philipona","Simon Schenk"
"Jean-Pierre Bonny","Simon Schenk"
"Johannes Randegger","Simon Schenk"
"Josef Kunz","Simon Schenk"
"Jürg Scherrer","Simon Schenk"
"Lisbeth Fehr","Simon Schenk"
"Luzi Stamm","Simon Schenk"
"Manfred Aregger","Simon Schenk"
"Max Binder","Simon Schenk"
"Michael E. Dreher","Simon Schenk"
"Milli Wittenwiler","Simon Schenk"
"Norbert Hochreutener","Simon Schenk"
"Peter Föhn","Simon Schenk"
"Peter Kofmel","Simon Schenk"
"Peter Weigelt","Simon Schenk"
"Rémy Scheurer","Simon Schenk"
"René Moser","Simon Schenk"
"Roland F. Borer","Simon Schenk"
"Rolf Hegetschweiler","Simon Schenk"
"Samuel Schmid","Simon Schenk"
"Serge Beck","Simon Schenk"
"Alexander Tschäppät","Stephanie Baumann"
"Andrea Hämmerle","Stephanie Baumann"
"Andreas Gross","Stephanie Baumann"
"Angeline Fankhauser","Stephanie Baumann"
"Anita Thanei","Stephanie Baumann"
"Armin Jans","Stephanie Baumann"
"Barbara Haering","Stephanie Baumann"
"Christine Keller","Stephanie Baumann"
"Didier Berberat","Stephanie Baumann"
"Franco Cavalli","Stephanie Baumann"
"François Borel","Stephanie Baumann"
"Hans Zbinden","Stephanie Baumann"
"Jost Gross","Stephanie Baumann"
"Peter Vollmer","Stephanie Baumann"
"Remo Gysin","Stephanie Baumann"
"Rudolf Rechsteiner","Stephanie Baumann"
"Rudolf Strahm","Stephanie Baumann"
"Ruth-Gaby Vermot-Mangold","Stephanie Baumann"
"Albrecht Rychen","Suzette Sandoz"
"Jean-Michel Gros","Suzette Sandoz"
"Jürg Scherrer","Suzette Sandoz"
"Paul Rechsteiner","Suzette Sandoz"
"Ernst Hasler","Theo Fischer"
"Hans Fehr","Theo Fischer"
"Hans Rudolf Gysin","Theo Fischer"
"Jean-Michel Gros","Theo Fischer"
"Paul Rechsteiner","Theo Fischer"
"Peter Baumberger","Theo Fischer"
"Rolf Hegetschweiler","Theo Fischer"
"Simon Schenk","Theo Fischer"
"Andreas Gross","Theo Meyer"
"Didier Berberat","Theo Meyer"
"Jean-Charles Simon","Theo Meyer"
"Paul Günter","Theo Meyer"
"Rudolf Strahm","Theo Meyer"
"Claude Frey","Thérèse Meyer-Kaelin"
"Hans Fehr","Thérèse Meyer-Kaelin"
"Andreas Gross","Thomas Burgener"
"Anita Thanei","Thomas Burgener"
"Barbara Haering","Thomas Burgener"
"Christian Grobet","Thomas Burgener"
"Christine Keller","Thomas Burgener"
"Didier Berberat","Thomas Burgener"
"Flavio Maspoli","Thomas Burgener"
"François Borel","Thomas Burgener"
"Hans Zbinden","Thomas Burgener"
"Jacqueline Fehr","Thomas Burgener"
"Margrith von Felten","Thomas Burgener"
"Peter Vollmer","Thomas Burgener"
"Remo Gysin","Thomas Burgener"
"Rudolf Rechsteiner","Thomas Burgener"
"Rudolf Strahm","Thomas Burgener"
"Ruth-Gaby Vermot-Mangold","Thomas Burgener"
"Albrecht Rychen","Toni Bortoluzzi"
"Christine Egerszegi-Obrist","Toni Bortoluzzi"
"Ernst Hasler","Toni Bortoluzzi"
"Flavio Maspoli","Toni Bortoluzzi"
"Hans Fehr","Toni Bortoluzzi"
"Hans Rudolf Gysin","Toni Bortoluzzi"
"Hansueli Raggenbass","Toni Bortoluzzi"
"Josef Kunz","Toni Bortoluzzi"
"Jürg Scherrer","Toni Bortoluzzi"
"Peter Baumberger","Toni Bortoluzzi"
"Rolf Hegetschweiler","Toni Bortoluzzi"
"Simon Schenk","Toni Bortoluzzi"
"Albrecht Rychen","Toni Brunner"
"Christine Egerszegi-Obrist","Toni Brunner"
"Ernst Hasler","Toni Brunner"
"Flavio Maspoli","Toni Brunner"
"Hans Fehr","Toni Brunner"
"Hans Rudolf Gysin","Toni Brunner"
"Hans Werner Widrig","Toni Brunner"
"Josef Kunz","Toni Brunner"
"Jürg Scherrer","Toni Brunner"
"Peter Baumberger","Toni Brunner"
"Rolf Hegetschweiler","Toni Brunner"
"Simon Schenk","Toni Brunner"
"François Loeb","Toni Dettling"
"Hans Fehr","Toni Dettling"
"Hans Rudolf Gysin","Toni Dettling"
"Hans Werner Widrig","Toni Dettling"
"Peter Baumberger","Toni Dettling"
"Rolf Hegetschweiler","Toni Dettling"
"Simon Schenk","Toni Dettling"
"Claude Frey","Toni Eberhard"
"Hans Fehr","Toni Eberhard"
"Hans Werner Widrig","Toni Eberhard"
"Josef Kunz","Toni Eberhard"
"Peter Baumberger","Toni Eberhard"
"Rosmarie Zapfl","Toni Eberhard"
"Hans Rudolf Gysin","Trix Heberlein"
"Hansueli Raggenbass","Trix Heberlein"
"Rolf Hegetschweiler","Trix Heberlein"
"Ernst Hasler","Ueli Maurer"
"François Loeb","Ueli Maurer"
"Hans Fehr","Ueli Maurer"
"Hans Rudolf Gysin","Ueli Maurer"
"Josef Kunz","Ueli Maurer"
"Jürg Scherrer","Ueli Maurer"
"Rolf Hegetschweiler","Ueli Maurer"
"Simon Schenk","Ueli Maurer"
"François Loeb","Ulrich Fischer"
"Hans Fehr","Ulrich Fischer"
"Hans Rudolf Gysin","Ulrich Fischer"
"Hans Werner Widrig","Ulrich Fischer"
"Josef Kunz","Ulrich Fischer"
"Jürg Scherrer","Ulrich Fischer"
"Rolf Hegetschweiler","Ulrich Fischer"
"Simon Schenk","Ulrich Fischer"
"Adalbert Durrer","Ulrich Giezendanner"
"Adriano Cavadini","Ulrich Giezendanner"
"Albrecht Rychen","Ulrich Giezendanner"
"Alex Heim","Ulrich Giezendanner"
"Bernard Comby","Ulrich Giezendanner"
"Brigitta M. Gadient","Ulrich Giezendanner"
"Caspar Baader","Ulrich Giezendanner"
"Charles Friderici","Ulrich Giezendanner"
"Charles-Albert Antille","Ulrich Giezendanner"
"Christian Speck","Ulrich Giezendanner"
"Christian Waber","Ulrich Giezendanner"
"Christiane Langenberger","Ulrich Giezendanner"
"Christine Egerszegi-Obrist","Ulrich Giezendanner"
"Christoph Blocher","Ulrich Giezendanner"
"Christoph Eymann","Ulrich Giezendanner"
"Claude Frey","Ulrich Giezendanner"
"Daniel Vogel","Ulrich Giezendanner"
"Duri Bezzola","Ulrich Giezendanner"
"Edi Engelberger","Ulrich Giezendanner"
"Emmanuella Blaser","Ulrich Giezendanner"
"Erich Müller","Ulrich Giezendanner"
"Ernst Hasler","Ulrich Giezendanner"
"Ernst Mühlemann","Ulrich Giezendanner"
"Eugen David","Ulrich Giezendanner"
"Flavio Maspoli","Ulrich Giezendanner"
"Franco Donati","Ulrich Giezendanner"
"François Lachat","Ulrich Giezendanner"
"François Loeb","Ulrich Giezendanner"
"Fritz Abraham Oehrli","Ulrich Giezendanner"
"Georg Stucky","Ulrich Giezendanner"
"Georges Theiler","Ulrich Giezendanner"
"Gerold Bührer","Ulrich Giezendanner"
"Hans Fehr","Ulrich Giezendanner"
"Hans Ruckstuhl","Ulrich Giezendanner"
"Hans Rudolf Gysin","Ulrich Giezendanner"
"Hans Steffen","Ulrich Giezendanner"
"Hans Werner Widrig","Ulrich Giezendanner"
"Hanspeter Seiler","Ulrich Giezendanner"
"Hansueli Raggenbass","Ulrich Giezendanner"
"Hermann Weyeneth","Ulrich Giezendanner"
"Hubert Lauper","Ulrich Giezendanner"
"J. Alexander Baumann","Ulrich Giezendanner"
"Jacques-Simon Eggly","Ulrich Giezendanner"
"Jakob Freund","Ulrich Giezendanner"
"Jean-François Leuba","Ulrich Giezendanner"
"Jean-Michel Gros","Ulrich Giezendanner"
"Jean-Nicolas Philipona","Ulrich Giezendanner"
"Jean-Pierre Bonny","Ulrich Giezendanner"
"Johannes Randegger","Ulrich Giezendanner"
"Josef Kühne","Ulrich Giezendanner"
"Josef Kunz","Ulrich Giezendanner"
"Josef Leu","Ulrich Giezendanner"
"Josef Lötscher","Ulrich Giezendanner"
"Jürg Scherrer","Ulrich Giezendanner"
"Karl Tschuppert","Ulrich Giezendanner"
"Käthi Bangerter","Ulrich Giezendanner"
"Lisbeth Fehr","Ulrich Giezendanner"
"Luzi Stamm","Ulrich Giezendanner"
"Manfred Aregger","Ulrich Giezendanner"
"Marcel Sandoz","Ulrich Giezendanner"
"Marguerite Florio","Ulrich Giezendanner"
"Massimo Pini","Ulrich Giezendanner"
"Max Binder","Ulrich Giezendanner"
"Melchior Ehrler","Ulrich Giezendanner"
"Michael E. Dreher","Ulrich Giezendanner"
"Milli Wittenwiler","Ulrich Giezendanner"
"Norbert Hochreutener","Ulrich Giezendanner"
"Oscar Fritschi","Ulrich Giezendanner"
"Otto Hess","Ulrich Giezendanner"
"Peter Baumberger","Ulrich Giezendanner"
"Peter Bircher","Ulrich Giezendanner"
"Peter Föhn","Ulrich Giezendanner"
"Peter Kofmel","Ulrich Giezendanner"
"Peter Weigelt","Ulrich Giezendanner"
"Philippe Pidoux","Ulrich Giezendanner"
"Remigio Ratti","Ulrich Giezendanner"
"Rémy Scheurer","Ulrich Giezendanner"
"René Moser","Ulrich Giezendanner"
"Roland F. Borer","Ulrich Giezendanner"
"Rolf Engler","Ulrich Giezendanner"
"Rolf Hegetschweiler","Ulrich Giezendanner"
"Rosmarie Zapfl","Ulrich Giezendanner"
"Rudolf Imhof","Ulrich Giezendanner"
"Rudolf Keller","Ulrich Giezendanner"
"Rudolf Steiner","Ulrich Giezendanner"
"Ruth Grossenbacher-Schmid","Ulrich Giezendanner"
"Ruth Kalbermatten","Ulrich Giezendanner"
"Samuel Schmid","Ulrich Giezendanner"
"Serge Beck","Ulrich Giezendanner"
"Simon Schenk","Ulrich Giezendanner"
"Theo Fischer","Ulrich Giezendanner"
"Thérèse Meyer-Kaelin","Ulrich Giezendanner"
"Toni Bortoluzzi","Ulrich Giezendanner"
"Toni Brunner","Ulrich Giezendanner"
"Toni Dettling","Ulrich Giezendanner"
"Toni Eberhard","Ulrich Giezendanner"
"Ueli Maurer","Ulrich Giezendanner"
"Ulrich Fischer","Ulrich Giezendanner"
"Christian Speck","Ulrich Schlüer"
"Christoph Blocher","Ulrich Schlüer"
"Ernst Hasler","Ulrich Schlüer"
"Ernst Mühlemann","Ulrich Schlüer"
"Flavio Maspoli","Ulrich Schlüer"
"Hans Fehr","Ulrich Schlüer"
"Hans Rudolf Gysin","Ulrich Schlüer"
"Hans Steffen","Ulrich Schlüer"
"J. Alexander Baumann","Ulrich Schlüer"
"Jean-Michel Gros","Ulrich Schlüer"
"Jean-Pierre Bonny","Ulrich Schlüer"
"Josef Kunz","Ulrich Schlüer"
"Jürg Scherrer","Ulrich Schlüer"
"Max Binder","Ulrich Schlüer"
"Michael E. Dreher","Ulrich Schlüer"
"Otto Hess","Ulrich Schlüer"
"Peter Föhn","Ulrich Schlüer"
"René Moser","Ulrich Schlüer"
"Roland F. Borer","Ulrich Schlüer"
"Rolf Hegetschweiler","Ulrich Schlüer"
"Simon Schenk","Ulrich Schlüer"
"Theo Fischer","Ulrich Schlüer"
"Toni Bortoluzzi","Ulrich Schlüer"
"Toni Brunner","Ulrich Schlüer"
"Toni Dettling","Ulrich Schlüer"
"Ueli Maurer","Ulrich Schlüer"
"Ulrich Giezendanner","Ulrich Schlüer"
"Angeline Fankhauser","Ursula Bäumlin"
"Anita Thanei","Ursula Bäumlin"
"Barbara Haering","Ursula Bäumlin"
"Didier Berberat","Ursula Bäumlin"
"François Borel","Ursula Bäumlin"
"Hans Zbinden","Ursula Bäumlin"
"Jost Gross","Ursula Bäumlin"
"Paul Günter","Ursula Bäumlin"
"Rudolf Strahm","Ursula Bäumlin"
"Ruth-Gaby Vermot-Mangold","Ursula Bäumlin"
"Alexander Tschäppät","Ursula Hafner"
"Andrea Hämmerle","Ursula Hafner"
"Angeline Fankhauser","Ursula Hafner"
"Anita Thanei","Ursula Hafner"
"Armin Jans","Ursula Hafner"
"Barbara Haering","Ursula Hafner"
"Didier Berberat","Ursula Hafner"
"Franco Cavalli","Ursula Hafner"
"François Borel","Ursula Hafner"
"Hans Zbinden","Ursula Hafner"
"Jacqueline Fehr","Ursula Hafner"
"Jean-Claude Rennwald","Ursula Hafner"
"Jean-Michel Gros","Ursula Hafner"
"Jean-Nils de Dardel","Ursula Hafner"
"Jost Gross","Ursula Hafner"
"Maria Bernasconi","Ursula Hafner"
"Peter Jossen-Zinsstag","Ursula Hafner"
"Pierre Chiffelle","Ursula Hafner"
"Rudolf Rechsteiner","Ursula Hafner"
"Rudolf Strahm","Ursula Hafner"
"Ruth-Gaby Vermot-Mangold","Ursula Hafner"
"Agnes Weber","Ursula Leemann"
"Alexander Tschäppät","Ursula Leemann"
"Andrea Hämmerle","Ursula Leemann"
"Andreas Gross","Ursula Leemann"
"Andreas Herczog","Ursula Leemann"
"Angeline Fankhauser","Ursula Leemann"
"Anita Thanei","Ursula Leemann"
"Armin Jans","Ursula Leemann"
"Barbara Haering","Ursula Leemann"
"Boris Banga","Ursula Leemann"
"Christiane Jaquet-Berger","Ursula Leemann"
"Christine Goll","Ursula Leemann"
"Christine Keller","Ursula Leemann"
"Didier Berberat","Ursula Leemann"
"Doris Stump","Ursula Leemann"
"Elmar Ledergerber","Ursula Leemann"
"Ernst Leuenberger","Ursula Leemann"
"Erwin Jutzet","Ursula Leemann"
"Francine Jeanprêtre","Ursula Leemann"
"Franco Cavalli","Ursula Leemann"
"François Borel","Ursula Leemann"
"Fredi Alder","Ursula Leemann"
"Hans Widmer","Ursula Leemann"
"Hans Zbinden","Ursula Leemann"
"Hansueli von Allmen","Ursula Leemann"
"Helmut Hubacher","Ursula Leemann"
"Jacqueline Fehr","Ursula Leemann"
"Jean Spielmann","Ursula Leemann"
"Jean-Claude Rennwald","Ursula Leemann"
"Jean-Nils de Dardel","Ursula Leemann"
"Jost Gross","Ursula Leemann"
"Kathrin Hilber","Ursula Leemann"
"Liliane Maury Pasquier","Ursula Leemann"
"Margrith von Felten","Ursula Leemann"
"Maria Bernasconi","Ursula Leemann"
"Paul Rechsteiner","Ursula Leemann"
"Peter Bodenmann","Ursula Leemann"
"Peter Vollmer","Ursula Leemann"
"Pia Hollenstein","Ursula Leemann"
"Remo Gysin","Ursula Leemann"
"Rosmarie Zapfl","Ursula Leemann"
"Rudolf Rechsteiner","Ursula Leemann"
"Rudolf Strahm","Ursula Leemann"
"Ruth-Gaby Vermot-Mangold","Ursula Leemann"
"Silva Semadeni","Ursula Leemann"
"Stephanie Baumann","Ursula Leemann"
"Ursula Bäumlin","Ursula Leemann"
"Ursula Hafner","Ursula Leemann"
"Rosmarie Zapfl","Verena Diener Lenz"
"Flavio Maspoli","Verena Grendelmeier"
"Jean-Michel Gros","Verena Grendelmeier"
"Jost Gross","Verena Grendelmeier"
"Rosmarie Zapfl","Verena Grendelmeier"
"Alexander Tschäppät","Victor Ruffy"
"Andrea Hämmerle","Victor Ruffy"
"Andreas Gross","Victor Ruffy"
"Angeline Fankhauser","Victor Ruffy"
"Anita Thanei","Victor Ruffy"
"Armin Jans","Victor Ruffy"
"Christian Grobet","Victor Ruffy"
"Christiane Jaquet-Berger","Victor Ruffy"
"Christine Keller","Victor Ruffy"
"Claude Frey","Victor Ruffy"
"Didier Berberat","Victor Ruffy"
"François Borel","Victor Ruffy"
"Hans Zbinden","Victor Ruffy"
"Jacqueline Fehr","Victor Ruffy"
"Jean-Claude Rennwald","Victor Ruffy"
"Jost Gross","Victor Ruffy"
"Maria Bernasconi","Victor Ruffy"
"Peter Vollmer","Victor Ruffy"
"Pia Hollenstein","Victor Ruffy"
"Remo Gysin","Victor Ruffy"
"Rudolf Rechsteiner","Victor Ruffy"
"Rudolf Strahm","Victor Ruffy"
"Ursula Leemann","Victor Ruffy"
"Agnes Weber","Vreni Hubmann"
"Andrea Hämmerle","Vreni Hubmann"
"Andreas Gross","Vreni Hubmann"
"Andreas Herczog","Vreni Hubmann"
"Angeline Fankhauser","Vreni Hubmann"
"Anita Thanei","Vreni Hubmann"
"Armin Jans","Vreni Hubmann"
"Barbara Haering","Vreni Hubmann"
"Cécile Bühlmann","Vreni Hubmann"
"Christine Goll","Vreni Hubmann"
"Christine Keller","Vreni Hubmann"
"Didier Berberat","Vreni Hubmann"
"Doris Stump","Vreni Hubmann"
"Erwin Jutzet","Vreni Hubmann"
"Franco Cavalli","Vreni Hubmann"
"François Borel","Vreni Hubmann"
"Franziska Teuscher","Vreni Hubmann"
"Fredi Alder","Vreni Hubmann"
"Hans Zbinden","Vreni Hubmann"
"Hanspeter Thür","Vreni Hubmann"
"Hansueli von Allmen","Vreni Hubmann"
"Hildegard Fässler-Osterwalder","Vreni Hubmann"
"Jacqueline Fehr","Vreni Hubmann"
"Jean-Claude Rennwald","Vreni Hubmann"
"Jost Gross","Vreni Hubmann"
"Liliane Maury Pasquier","Vreni Hubmann"
"Margrith von Felten","Vreni Hubmann"
"Maria Bernasconi","Vreni Hubmann"
"Paul Günter","Vreni Hubmann"
"Paul Rechsteiner","Vreni Hubmann"
"Peter Vollmer","Vreni Hubmann"
"Pia Hollenstein","Vreni Hubmann"
"Pierre Aguet","Vreni Hubmann"
"Pierre Chiffelle","Vreni Hubmann"
"Regine Aeppli","Vreni Hubmann"
"Remo Gysin","Vreni Hubmann"
"Rosmarie Zapfl","Vreni Hubmann"
"Rudolf Rechsteiner","Vreni Hubmann"
"Rudolf Strahm","Vreni Hubmann"
"Ruth Genner","Vreni Hubmann"
"Ruth-Gaby Vermot-Mangold","Vreni Hubmann"
"Stephanie Baumann","Vreni Hubmann"
"Thomas Burgener","Vreni Hubmann"
"Ursula Hafner","Vreni Hubmann"
"Ursula Leemann","Vreni Hubmann"
"Victor Ruffy","Vreni Hubmann"
"Andreas Gross","Vreni Müller-Hemmi"
"Angeline Fankhauser","Vreni Müller-Hemmi"
"Anita Thanei","Vreni Müller-Hemmi"
"Armin Jans","Vreni Müller-Hemmi"
"Barbara Haering","Vreni Müller-Hemmi"
"Christian Grobet","Vreni Müller-Hemmi"
"Didier Berberat","Vreni Müller-Hemmi"
"François Borel","Vreni Müller-Hemmi"
"Hans Zbinden","Vreni Müller-Hemmi"
"Jacqueline Fehr","Vreni Müller-Hemmi"
"Paul Günter","Vreni Müller-Hemmi"
"Peter Vollmer","Vreni Müller-Hemmi"
"Remo Gysin","Vreni Müller-Hemmi"
"Rosmarie Zapfl","Vreni Müller-Hemmi"
"Rudolf Strahm","Vreni Müller-Hemmi"
"Ruth-Gaby Vermot-Mangold","Vreni Müller-Hemmi"
"Ursula Leemann","Vreni Müller-Hemmi"
"Vreni Hubmann","Vreni Müller-Hemmi"
"Flavio Maspoli","Walter Bosshard"
"Hans Fehr","Walter Bosshard"
"Hans Rudolf Gysin","Walter Bosshard"
"Hans Werner Widrig","Walter Bosshard"
"Jost Gross","Walter Bosshard"
"Peter Baumberger","Walter Bosshard"
"Rolf Hegetschweiler","Walter Bosshard"
"Ulrich Giezendanner","Walter Bosshard"
"Ernst Hasler","Walter Frey"
"François Loeb","Walter Frey"
"Hans Fehr","Walter Frey"
"Jürg Scherrer","Walter Frey"
"Rolf Hegetschweiler","Walter Frey"
"Simon Schenk","Walter Frey"
"Ulrich Giezendanner","Walter Frey"
"Ulrich Schlüer","Walter Frey"
"Albrecht Rychen","Walter Schmied"
"Claude Frey","Walter Schmied"
"Flavio Maspoli","Walter Schmied"
"Hans Fehr","Walter Schmied"
"Hans Rudolf Gysin","Walter Schmied"
"Josef Kunz","Walter Schmied"
"Jürg Scherrer","Walter Schmied"
"Simon Schenk","Walter Schmied"
"Ulrich Giezendanner","Walter Schmied"
"Bernard Comby","Walter Steinemann"
"Charles Friderici","Walter Steinemann"
"Christian Speck","Walter Steinemann"
"Claude Frey","Walter Steinemann"
"Edi Engelberger","Walter Steinemann"
"Ernst Hasler","Walter Steinemann"
"Flavio Maspoli","Walter Steinemann"
"François Loeb","Walter Steinemann"
"Hans Fehr","Walter Steinemann"
"Hans Ruckstuhl","Walter Steinemann"
"Hans Rudolf Gysin","Walter Steinemann"
"Hans Steffen","Walter Steinemann"
"Hans Werner Widrig","Walter Steinemann"
"Hanspeter Seiler","Walter Steinemann"
"J. Alexander Baumann","Walter Steinemann"
"Jakob Freund","Walter Steinemann"
"Jean-François Leuba","Walter Steinemann"
"Jean-Michel Gros","Walter Steinemann"
"Jean-Pierre Bonny","Walter Steinemann"
"Josef Kunz","Walter Steinemann"
"Jürg Scherrer","Walter Steinemann"
"Karl Tschuppert","Walter Steinemann"
"Luzi Stamm","Walter Steinemann"
"Manfred Aregger","Walter Steinemann"
"Massimo Pini","Walter Steinemann"
"Michael E. Dreher","Walter Steinemann"
"Milli Wittenwiler","Walter Steinemann"
"Oscar Fritschi","Walter Steinemann"
"Otto Hess","Walter Steinemann"
"Peter Weigelt","Walter Steinemann"
"Rémy Scheurer","Walter Steinemann"
"René Moser","Walter Steinemann"
"Roland F. Borer","Walter Steinemann"
"Rolf Hegetschweiler","Walter Steinemann"
"Rudolf Keller","Walter Steinemann"
"Samuel Schmid","Walter Steinemann"
"Simon Schenk","Walter Steinemann"
"Toni Bortoluzzi","Walter Steinemann"
"Toni Brunner","Walter Steinemann"
"Toni Dettling","Walter Steinemann"
"Ulrich Giezendanner","Walter Steinemann"
"Ulrich Schlüer","Walter Steinemann"
"Walter Bosshard","Walter Steinemann"
"Walter Frey","Walter Steinemann"
"Walter Schmied","Walter Steinemann"
"Rosmarie Zapfl","Walter Straumann"
"Alexander Tschäppät","Werner Carobbio"
"Andreas Gross","Werner Carobbio"
"Angeline Fankhauser","Werner Carobbio"
"Anita Thanei","Werner Carobbio"
"Armin Jans","Werner Carobbio"
"Christian Grobet","Werner Carobbio"
"Christine Keller","Werner Carobbio"
"Claude Frey","Werner Carobbio"
"Didier Berberat","Werner Carobbio"
"Flavio Maspoli","Werner Carobbio"
"Franco Cavalli","Werner Carobbio"
"François Borel","Werner Carobbio"
"Jacqueline Fehr","Werner Carobbio"
"Jean-Claude Rennwald","Werner Carobbio"
"Jost Gross","Werner Carobbio"
"Paul Rechsteiner","Werner Carobbio"
"Remo Gysin","Werner Carobbio"
"Rudolf Rechsteiner","Werner Carobbio"
"Rudolf Strahm","Werner Carobbio"
"Ruth-Gaby Vermot-Mangold","Werner Carobbio"
"Ursula Leemann","Werner Carobbio"
"Anita Thanei","Werner Jöri"
"Cécile Bühlmann","Werner Jöri"
"Elmar Ledergerber","Werner Jöri"
"Ernst Leuenberger","Werner Jöri"
"Eugen David","Werner Jöri"
"Fulvio Caccia","Werner Jöri"
"Josef Lötscher","Werner Jöri"
"Liliane Maury Pasquier","Werner Jöri"
"Maria Bernasconi","Werner Jöri"
"Odilo Schmid","Werner Jöri"
"Otto G. Loretan","Werner Jöri"
"Paul Rechsteiner","Werner Jöri"
"Peter Bodenmann","Werner Jöri"
"Rosmarie Dormann","Werner Jöri"
"Rudolf Strahm","Werner Jöri"
"Ursula Hafner","Werner Jöri"
"Anita Thanei","Werner Marti"
"Armin Jans","Werner Marti"
"Barbara Haering","Werner Marti"
"Didier Berberat","Werner Marti"
"François Borel","Werner Marti"
"Hans Zbinden","Werner Marti"
"Jost Gross","Werner Marti"
"Rudolf Strahm","Werner Marti"
"Ruth-Gaby Vermot-Mangold","Werner Marti"
"Markus Ruf","Werner Scherrer"
"Albrecht Rychen","Werner Vetterli"
"Christine Egerszegi-Obrist","Werner Vetterli"
"Ernst Hasler","Werner Vetterli"
"Flavio Maspoli","Werner Vetterli"
"Hans Fehr","Werner Vetterli"
"Hans Rudolf Gysin","Werner Vetterli"
"Josef Kunz","Werner Vetterli"
"Jürg Scherrer","Werner Vetterli"
"Rolf Hegetschweiler","Werner Vetterli"
"Simon Schenk","Werner Vetterli"
"Ulrich Giezendanner","Werner Vetterli"
"Ulrich Schlüer","Werner Vetterli"
"Walter Steinemann","Werner Vetterli"
"Flavio Maspoli","Wilfried Ernest Gusset"
"Hans Fehr","Wilfried Ernest Gusset"
"Hans Rudolf Gysin","Wilfried Ernest Gusset"
"Josef Kunz","Wilfried Ernest Gusset"
"Jürg Scherrer","Wilfried Ernest Gusset"
"Rolf Hegetschweiler","Wilfried Ernest Gusset"
"Simon Schenk","Wilfried Ernest Gusset"
"Ulrich Giezendanner","Wilfried Ernest Gusset"
"Ulrich Schlüer","Wilfried Ernest Gusset"
"Walter Steinemann","Wilfried Ernest Gusset"
"Claude Frey","William Wyss"
"Ernst Hasler","William Wyss"
"Flavio Maspoli","William Wyss"
"Hans Fehr","William Wyss"
"Hans Rudolf Gysin","William Wyss"
"Jürg Scherrer","William Wyss"
"Peter Baumberger","William Wyss"
"Ulrich Giezendanner","William Wyss"
"Claude Frey","Yves Christen"
"Didier Berberat","Yves Christen"
"Jean-Charles Simon","Yves Christen"
"Rémy Scheurer","Yves Christen"
"Simon Epiney","Yves Christen"
"Ulrich Giezendanner","Yves Christen"
"Bernard Comby","Yves Guisan"
"Charles-Albert Antille","Yves Guisan"
"Christiane Langenberger","Yves Guisan"
"Christine Egerszegi-Obrist","Yves Guisan"
"Claude Frey","Yves Guisan"
"Franco Cavalli","Yves Guisan"
"François Lachat","Yves Guisan"
"Fulvio Pelli","Yves Guisan"
"Gerold Bührer","Yves Guisan"
"Hans Fehr","Yves Guisan"
"Hans Rudolf Gysin","Yves Guisan"
"Jean-Charles Simon","Yves Guisan"
"Jean-François Leuba","Yves Guisan"
"Jean-Philippe Maitre","Yves Guisan"
"Jean-Pierre Bonny","Yves Guisan"
"Käthi Bangerter","Yves Guisan"
"Lili Nabholz","Yves Guisan"
"Norbert Hochreutener","Yves Guisan"
"Oscar Fritschi","Yves Guisan"
"Paul Günter","Yves Guisan"
"Peter Tschopp","Yves Guisan"
"Philippe Pidoux","Yves Guisan"
"Remigio Ratti","Yves Guisan"
"Rémy Scheurer","Yves Guisan"
"Simon Epiney","Yves Guisan"
"Suzette Sandoz","Yves Guisan"
"Trix Heberlein","Yves Guisan"
"Ulrich Giezendanner","Yves Guisan"
"Yves Christen","Yves Guisan"
